<?xml version="1.0" ?>
<template encoding-version="1.1">
  <description></description>
  <groupId>7a46cb16-015f-1000-df98-b0bb1e4b8eb6</groupId>
  <name>nifi_lecture_subway</name>
  <snippet>
    <processGroups>
      <id>d21144cd-27cc-39af-0000-000000000000</id>
      <parentGroupId>6801a93c-d63a-3520-0000-000000000000</parentGroupId>
      <position>
        <x>0.0</x>
        <y>0.0</y>
      </position>
      <comments></comments>
      <contents>
        <connections>
          <id>9e129f19-b6b8-3372-0000-000000000000</id>
          <parentGroupId>d21144cd-27cc-39af-0000-000000000000</parentGroupId>
          <backPressureDataSizeThreshold>1 GB</backPressureDataSizeThreshold>
          <backPressureObjectThreshold>1000</backPressureObjectThreshold>
          <destination>
            <groupId>d21144cd-27cc-39af-0000-000000000000</groupId>
            <id>2c245ebb-0667-3dd3-0000-000000000000</id>
            <type>PROCESSOR</type>
          </destination>
          <flowFileExpiration>0 sec</flowFileExpiration>
          <labelIndex>1</labelIndex>
          <name></name>
          <selectedRelationships>success</selectedRelationships>
          <source>
            <groupId>d21144cd-27cc-39af-0000-000000000000</groupId>
            <id>a6c5bb94-0775-3491-0000-000000000000</id>
            <type>PROCESSOR</type>
          </source>
          <zIndex>0</zIndex>
        </connections>
        <connections>
          <id>be3c504a-08e8-3bdc-0000-000000000000</id>
          <parentGroupId>d21144cd-27cc-39af-0000-000000000000</parentGroupId>
          <backPressureDataSizeThreshold>1 GB</backPressureDataSizeThreshold>
          <backPressureObjectThreshold>10000</backPressureObjectThreshold>
          <destination>
            <groupId>d21144cd-27cc-39af-0000-000000000000</groupId>
            <id>f9111485-eba5-399a-0000-000000000000</id>
            <type>PROCESSOR</type>
          </destination>
          <flowFileExpiration>0 sec</flowFileExpiration>
          <labelIndex>1</labelIndex>
          <name></name>
          <selectedRelationships>merged</selectedRelationships>
          <source>
            <groupId>d21144cd-27cc-39af-0000-000000000000</groupId>
            <id>cc7b640e-0309-3736-0000-000000000000</id>
            <type>PROCESSOR</type>
          </source>
          <zIndex>0</zIndex>
        </connections>
        <connections>
          <id>bef96b1f-f823-3438-0000-000000000000</id>
          <parentGroupId>d21144cd-27cc-39af-0000-000000000000</parentGroupId>
          <backPressureDataSizeThreshold>1 GB</backPressureDataSizeThreshold>
          <backPressureObjectThreshold>10000</backPressureObjectThreshold>
          <destination>
            <groupId>d21144cd-27cc-39af-0000-000000000000</groupId>
            <id>915cc1e5-8cd6-39a2-0000-000000000000</id>
            <type>PROCESSOR</type>
          </destination>
          <flowFileExpiration>0 sec</flowFileExpiration>
          <labelIndex>1</labelIndex>
          <name></name>
          <selectedRelationships>failure</selectedRelationships>
          <source>
            <groupId>d21144cd-27cc-39af-0000-000000000000</groupId>
            <id>5636adae-7149-323d-0000-000000000000</id>
            <type>PROCESSOR</type>
          </source>
          <zIndex>0</zIndex>
        </connections>
        <connections>
          <id>de0b5fea-08d8-324b-0000-000000000000</id>
          <parentGroupId>d21144cd-27cc-39af-0000-000000000000</parentGroupId>
          <backPressureDataSizeThreshold>1 GB</backPressureDataSizeThreshold>
          <backPressureObjectThreshold>10000</backPressureObjectThreshold>
          <destination>
            <groupId>d21144cd-27cc-39af-0000-000000000000</groupId>
            <id>fb90e71f-4ead-3fa2-0000-000000000000</id>
            <type>PROCESSOR</type>
          </destination>
          <flowFileExpiration>0 sec</flowFileExpiration>
          <labelIndex>1</labelIndex>
          <name></name>
          <selectedRelationships>success</selectedRelationships>
          <source>
            <groupId>d21144cd-27cc-39af-0000-000000000000</groupId>
            <id>f9111485-eba5-399a-0000-000000000000</id>
            <type>PROCESSOR</type>
          </source>
          <zIndex>0</zIndex>
        </connections>
        <connections>
          <id>f75d9672-8ef9-38f8-0000-000000000000</id>
          <parentGroupId>d21144cd-27cc-39af-0000-000000000000</parentGroupId>
          <backPressureDataSizeThreshold>1 GB</backPressureDataSizeThreshold>
          <backPressureObjectThreshold>100</backPressureObjectThreshold>
          <destination>
            <groupId>d21144cd-27cc-39af-0000-000000000000</groupId>
            <id>5e92b3fe-6207-37d5-0000-000000000000</id>
            <type>PROCESSOR</type>
          </destination>
          <flowFileExpiration>0 sec</flowFileExpiration>
          <labelIndex>1</labelIndex>
          <name></name>
          <selectedRelationships>splits</selectedRelationships>
          <source>
            <groupId>d21144cd-27cc-39af-0000-000000000000</groupId>
            <id>2c245ebb-0667-3dd3-0000-000000000000</id>
            <type>PROCESSOR</type>
          </source>
          <zIndex>0</zIndex>
        </connections>
        <connections>
          <id>1dc49dd6-b896-3d82-0000-000000000000</id>
          <parentGroupId>d21144cd-27cc-39af-0000-000000000000</parentGroupId>
          <backPressureDataSizeThreshold>1 GB</backPressureDataSizeThreshold>
          <backPressureObjectThreshold>100</backPressureObjectThreshold>
          <destination>
            <groupId>d21144cd-27cc-39af-0000-000000000000</groupId>
            <id>5eced41c-3d56-3b13-0000-000000000000</id>
            <type>PROCESSOR</type>
          </destination>
          <flowFileExpiration>0 sec</flowFileExpiration>
          <labelIndex>1</labelIndex>
          <name></name>
          <selectedRelationships>matched</selectedRelationships>
          <source>
            <groupId>d21144cd-27cc-39af-0000-000000000000</groupId>
            <id>5e92b3fe-6207-37d5-0000-000000000000</id>
            <type>PROCESSOR</type>
          </source>
          <zIndex>0</zIndex>
        </connections>
        <connections>
          <id>5abc17c6-1f0e-3d5b-0000-000000000000</id>
          <parentGroupId>d21144cd-27cc-39af-0000-000000000000</parentGroupId>
          <backPressureDataSizeThreshold>1 GB</backPressureDataSizeThreshold>
          <backPressureObjectThreshold>10000</backPressureObjectThreshold>
          <destination>
            <groupId>d21144cd-27cc-39af-0000-000000000000</groupId>
            <id>cc7b640e-0309-3736-0000-000000000000</id>
            <type>PROCESSOR</type>
          </destination>
          <flowFileExpiration>0 sec</flowFileExpiration>
          <labelIndex>1</labelIndex>
          <name></name>
          <selectedRelationships>success</selectedRelationships>
          <source>
            <groupId>d21144cd-27cc-39af-0000-000000000000</groupId>
            <id>3ed31260-3350-3e97-0000-000000000000</id>
            <type>PROCESSOR</type>
          </source>
          <zIndex>0</zIndex>
        </connections>
        <connections>
          <id>69ce19ab-a337-30f7-0000-000000000000</id>
          <parentGroupId>d21144cd-27cc-39af-0000-000000000000</parentGroupId>
          <backPressureDataSizeThreshold>1 GB</backPressureDataSizeThreshold>
          <backPressureObjectThreshold>100</backPressureObjectThreshold>
          <destination>
            <groupId>d21144cd-27cc-39af-0000-000000000000</groupId>
            <id>5636adae-7149-323d-0000-000000000000</id>
            <type>PROCESSOR</type>
          </destination>
          <flowFileExpiration>0 sec</flowFileExpiration>
          <labelIndex>1</labelIndex>
          <name></name>
          <selectedRelationships>success</selectedRelationships>
          <source>
            <groupId>d21144cd-27cc-39af-0000-000000000000</groupId>
            <id>5eced41c-3d56-3b13-0000-000000000000</id>
            <type>PROCESSOR</type>
          </source>
          <zIndex>0</zIndex>
        </connections>
        <controllerServices>
          <id>a61c4aa2-ef18-3570-0000-000000000000</id>
          <parentGroupId>d21144cd-27cc-39af-0000-000000000000</parentGroupId>
          <bundle>
            <artifact>nifi-dbcp-service-nar</artifact>
            <group>org.apache.nifi</group>
            <version>1.4.0</version>
          </bundle>
          <comments></comments>
          <descriptors>
            <entry>
              <key>Database Connection URL</key>
              <value>
                <name>Database Connection URL</name>
              </value>
            </entry>
            <entry>
              <key>Database Driver Class Name</key>
              <value>
                <name>Database Driver Class Name</name>
              </value>
            </entry>
            <entry>
              <key>database-driver-locations</key>
              <value>
                <name>database-driver-locations</name>
              </value>
            </entry>
            <entry>
              <key>Database User</key>
              <value>
                <name>Database User</name>
              </value>
            </entry>
            <entry>
              <key>Password</key>
              <value>
                <name>Password</name>
              </value>
            </entry>
            <entry>
              <key>Max Wait Time</key>
              <value>
                <name>Max Wait Time</name>
              </value>
            </entry>
            <entry>
              <key>Max Total Connections</key>
              <value>
                <name>Max Total Connections</name>
              </value>
            </entry>
            <entry>
              <key>Validation-query</key>
              <value>
                <name>Validation-query</name>
              </value>
            </entry>
          </descriptors>
          <name>DBCPConnectionPool(thin)</name>
          <persistsState>false</persistsState>
          <properties>
            <entry>
              <key>Database Connection URL</key>
              <value>jdbc:phoenix:thin:url=http://118-sbpnode3sbspark:8765;serialization=PROTOBUF;AutoCommit=true</value>
            </entry>
            <entry>
              <key>Database Driver Class Name</key>
              <value>org.apache.phoenix.queryserver.client.Driver</value>
            </entry>
            <entry>
              <key>database-driver-locations</key>
              <value>/usr/sbp/4.1.0.0-1/phoenix/phoenix-thin-client.jar</value>
            </entry>
            <entry>
              <key>Database User</key>
              <value>phoenix</value>
            </entry>
            <entry>
              <key>Password</key>
            </entry>
            <entry>
              <key>Max Wait Time</key>
              <value>1000 millis</value>
            </entry>
            <entry>
              <key>Max Total Connections</key>
              <value>100</value>
            </entry>
            <entry>
              <key>Validation-query</key>
            </entry>
          </properties>
          <state>ENABLED</state>
          <type>org.apache.nifi.dbcp.DBCPConnectionPool</type>
        </controllerServices>
        <labels>
          <id>a1dca21e-b5b3-3b5d-0000-000000000000</id>
          <parentGroupId>d21144cd-27cc-39af-0000-000000000000</parentGroupId>
          <position>
            <x>391.4450204083855</x>
            <y>2074.098641094984</y>
          </position>
          <height>48.480743408203125</height>
          <label>Kafka to Hbase
</label>
          <style>
            <entry>
              <key>font-size</key>
              <value>24px</value>
            </entry>
          </style>
          <width>346.0367431640625</width>
        </labels>
        <labels>
          <id>7710d8f9-e0f9-3fd1-0000-000000000000</id>
          <parentGroupId>d21144cd-27cc-39af-0000-000000000000</parentGroupId>
          <position>
            <x>1046.1775948712761</x>
            <y>2073.117195782484</y>
          </position>
          <height>45.68791961669922</height>
          <label>Kafka to HDFS
</label>
          <style>
            <entry>
              <key>font-size</key>
              <value>24px</value>
            </entry>
          </style>
          <width>347.4779357910156</width>
        </labels>
        <processors>
          <id>915cc1e5-8cd6-39a2-0000-000000000000</id>
          <parentGroupId>d21144cd-27cc-39af-0000-000000000000</parentGroupId>
          <position>
            <x>-160.7371847918106</x>
            <y>3090.3561102722306</y>
          </position>
          <bundle>
            <artifact>nifi-standard-nar</artifact>
            <group>org.apache.nifi</group>
            <version>1.4.0</version>
          </bundle>
          <config>
            <bulletinLevel>WARN</bulletinLevel>
            <comments></comments>
            <concurrentlySchedulableTaskCount>1</concurrentlySchedulableTaskCount>
            <descriptors>
              <entry>
                <key>Merge Strategy</key>
                <value>
                  <name>Merge Strategy</name>
                </value>
              </entry>
              <entry>
                <key>Merge Format</key>
                <value>
                  <name>Merge Format</name>
                </value>
              </entry>
              <entry>
                <key>Attribute Strategy</key>
                <value>
                  <name>Attribute Strategy</name>
                </value>
              </entry>
              <entry>
                <key>Correlation Attribute Name</key>
                <value>
                  <name>Correlation Attribute Name</name>
                </value>
              </entry>
              <entry>
                <key>mergecontent-metadata-strategy</key>
                <value>
                  <name>mergecontent-metadata-strategy</name>
                </value>
              </entry>
              <entry>
                <key>Minimum Number of Entries</key>
                <value>
                  <name>Minimum Number of Entries</name>
                </value>
              </entry>
              <entry>
                <key>Maximum Number of Entries</key>
                <value>
                  <name>Maximum Number of Entries</name>
                </value>
              </entry>
              <entry>
                <key>Minimum Group Size</key>
                <value>
                  <name>Minimum Group Size</name>
                </value>
              </entry>
              <entry>
                <key>Maximum Group Size</key>
                <value>
                  <name>Maximum Group Size</name>
                </value>
              </entry>
              <entry>
                <key>Max Bin Age</key>
                <value>
                  <name>Max Bin Age</name>
                </value>
              </entry>
              <entry>
                <key>Maximum number of Bins</key>
                <value>
                  <name>Maximum number of Bins</name>
                </value>
              </entry>
              <entry>
                <key>Delimiter Strategy</key>
                <value>
                  <name>Delimiter Strategy</name>
                </value>
              </entry>
              <entry>
                <key>Header File</key>
                <value>
                  <name>Header File</name>
                </value>
              </entry>
              <entry>
                <key>Footer File</key>
                <value>
                  <name>Footer File</name>
                </value>
              </entry>
              <entry>
                <key>Demarcator File</key>
                <value>
                  <name>Demarcator File</name>
                </value>
              </entry>
              <entry>
                <key>Compression Level</key>
                <value>
                  <name>Compression Level</name>
                </value>
              </entry>
              <entry>
                <key>Keep Path</key>
                <value>
                  <name>Keep Path</name>
                </value>
              </entry>
              <entry>
                <key>Tar Modified Time</key>
                <value>
                  <name>Tar Modified Time</name>
                </value>
              </entry>
            </descriptors>
            <executionNode>ALL</executionNode>
            <lossTolerant>false</lossTolerant>
            <penaltyDuration>30 sec</penaltyDuration>
            <properties>
              <entry>
                <key>Merge Strategy</key>
                <value>Bin-Packing Algorithm</value>
              </entry>
              <entry>
                <key>Merge Format</key>
                <value>Binary Concatenation</value>
              </entry>
              <entry>
                <key>Attribute Strategy</key>
                <value>Keep Only Common Attributes</value>
              </entry>
              <entry>
                <key>Correlation Attribute Name</key>
              </entry>
              <entry>
                <key>mergecontent-metadata-strategy</key>
                <value>Do Not Merge Uncommon Metadata</value>
              </entry>
              <entry>
                <key>Minimum Number of Entries</key>
                <value>1</value>
              </entry>
              <entry>
                <key>Maximum Number of Entries</key>
                <value>1000</value>
              </entry>
              <entry>
                <key>Minimum Group Size</key>
                <value>0 B</value>
              </entry>
              <entry>
                <key>Maximum Group Size</key>
              </entry>
              <entry>
                <key>Max Bin Age</key>
              </entry>
              <entry>
                <key>Maximum number of Bins</key>
                <value>5</value>
              </entry>
              <entry>
                <key>Delimiter Strategy</key>
                <value>Filename</value>
              </entry>
              <entry>
                <key>Header File</key>
              </entry>
              <entry>
                <key>Footer File</key>
              </entry>
              <entry>
                <key>Demarcator File</key>
              </entry>
              <entry>
                <key>Compression Level</key>
                <value>1</value>
              </entry>
              <entry>
                <key>Keep Path</key>
                <value>false</value>
              </entry>
              <entry>
                <key>Tar Modified Time</key>
                <value>${file.lastModifiedTime}</value>
              </entry>
            </properties>
            <runDurationMillis>0</runDurationMillis>
            <schedulingPeriod>0 sec</schedulingPeriod>
            <schedulingStrategy>TIMER_DRIVEN</schedulingStrategy>
            <yieldDuration>1 sec</yieldDuration>
          </config>
          <name>MergeContent</name>
          <relationships>
            <autoTerminate>true</autoTerminate>
            <name>failure</name>
          </relationships>
          <relationships>
            <autoTerminate>true</autoTerminate>
            <name>merged</name>
          </relationships>
          <relationships>
            <autoTerminate>true</autoTerminate>
            <name>original</name>
          </relationships>
          <state>STOPPED</state>
          <style></style>
          <type>org.apache.nifi.processors.standard.MergeContent</type>
        </processors>
        <processors>
          <id>a6c5bb94-0775-3491-0000-000000000000</id>
          <parentGroupId>d21144cd-27cc-39af-0000-000000000000</parentGroupId>
          <position>
            <x>390.97766204713</x>
            <y>2136.936193467638</y>
          </position>
          <bundle>
            <artifact>nifi-kafka-0-10-nar</artifact>
            <group>org.apache.nifi</group>
            <version>1.4.0</version>
          </bundle>
          <config>
            <bulletinLevel>WARN</bulletinLevel>
            <comments></comments>
            <concurrentlySchedulableTaskCount>1</concurrentlySchedulableTaskCount>
            <descriptors>
              <entry>
                <key>bootstrap.servers</key>
                <value>
                  <name>bootstrap.servers</name>
                </value>
              </entry>
              <entry>
                <key>security.protocol</key>
                <value>
                  <name>security.protocol</name>
                </value>
              </entry>
              <entry>
                <key>sasl.kerberos.service.name</key>
                <value>
                  <name>sasl.kerberos.service.name</name>
                </value>
              </entry>
              <entry>
                <key>sasl.kerberos.principal</key>
                <value>
                  <name>sasl.kerberos.principal</name>
                </value>
              </entry>
              <entry>
                <key>sasl.kerberos.keytab</key>
                <value>
                  <name>sasl.kerberos.keytab</name>
                </value>
              </entry>
              <entry>
                <key>ssl.context.service</key>
                <value>
                  <identifiesControllerService>org.apache.nifi.ssl.SSLContextService</identifiesControllerService>
                  <name>ssl.context.service</name>
                </value>
              </entry>
              <entry>
                <key>topic</key>
                <value>
                  <name>topic</name>
                </value>
              </entry>
              <entry>
                <key>topic_type</key>
                <value>
                  <name>topic_type</name>
                </value>
              </entry>
              <entry>
                <key>group.id</key>
                <value>
                  <name>group.id</name>
                </value>
              </entry>
              <entry>
                <key>auto.offset.reset</key>
                <value>
                  <name>auto.offset.reset</name>
                </value>
              </entry>
              <entry>
                <key>key-attribute-encoding</key>
                <value>
                  <name>key-attribute-encoding</name>
                </value>
              </entry>
              <entry>
                <key>message-demarcator</key>
                <value>
                  <name>message-demarcator</name>
                </value>
              </entry>
              <entry>
                <key>max.poll.records</key>
                <value>
                  <name>max.poll.records</name>
                </value>
              </entry>
              <entry>
                <key>max-uncommit-offset-wait</key>
                <value>
                  <name>max-uncommit-offset-wait</name>
                </value>
              </entry>
            </descriptors>
            <executionNode>ALL</executionNode>
            <lossTolerant>false</lossTolerant>
            <penaltyDuration>30 sec</penaltyDuration>
            <properties>
              <entry>
                <key>bootstrap.servers</key>
                <value>118-sbpnode1sbspark:6667, 118-sbpnode2sbspark:6667,118-sbpnode3sbspark:6667</value>
              </entry>
              <entry>
                <key>security.protocol</key>
                <value>PLAINTEXT</value>
              </entry>
              <entry>
                <key>sasl.kerberos.service.name</key>
              </entry>
              <entry>
                <key>sasl.kerberos.principal</key>
              </entry>
              <entry>
                <key>sasl.kerberos.keytab</key>
              </entry>
              <entry>
                <key>ssl.context.service</key>
              </entry>
              <entry>
                <key>topic</key>
                <value>subway_topic</value>
              </entry>
              <entry>
                <key>topic_type</key>
                <value>names</value>
              </entry>
              <entry>
                <key>group.id</key>
                <value>kafka_group</value>
              </entry>
              <entry>
                <key>auto.offset.reset</key>
                <value>latest</value>
              </entry>
              <entry>
                <key>key-attribute-encoding</key>
                <value>utf-8</value>
              </entry>
              <entry>
                <key>message-demarcator</key>
                <value>
</value>
              </entry>
              <entry>
                <key>max.poll.records</key>
                <value>1000000</value>
              </entry>
              <entry>
                <key>max-uncommit-offset-wait</key>
                <value>1 secs</value>
              </entry>
            </properties>
            <runDurationMillis>0</runDurationMillis>
            <schedulingPeriod>0 sec</schedulingPeriod>
            <schedulingStrategy>TIMER_DRIVEN</schedulingStrategy>
            <yieldDuration>1 sec</yieldDuration>
          </config>
          <name>ConsumeKafka_0_10</name>
          <relationships>
            <autoTerminate>false</autoTerminate>
            <name>success</name>
          </relationships>
          <state>STOPPED</state>
          <style></style>
          <type>org.apache.nifi.processors.kafka.pubsub.ConsumeKafka_0_10</type>
        </processors>
        <processors>
          <id>cc7b640e-0309-3736-0000-000000000000</id>
          <parentGroupId>d21144cd-27cc-39af-0000-000000000000</parentGroupId>
          <position>
            <x>1043.7989788038803</x>
            <y>2380.708302452045</y>
          </position>
          <bundle>
            <artifact>nifi-standard-nar</artifact>
            <group>org.apache.nifi</group>
            <version>1.4.0</version>
          </bundle>
          <config>
            <bulletinLevel>WARN</bulletinLevel>
            <comments></comments>
            <concurrentlySchedulableTaskCount>1</concurrentlySchedulableTaskCount>
            <descriptors>
              <entry>
                <key>Merge Strategy</key>
                <value>
                  <name>Merge Strategy</name>
                </value>
              </entry>
              <entry>
                <key>Merge Format</key>
                <value>
                  <name>Merge Format</name>
                </value>
              </entry>
              <entry>
                <key>Attribute Strategy</key>
                <value>
                  <name>Attribute Strategy</name>
                </value>
              </entry>
              <entry>
                <key>Correlation Attribute Name</key>
                <value>
                  <name>Correlation Attribute Name</name>
                </value>
              </entry>
              <entry>
                <key>mergecontent-metadata-strategy</key>
                <value>
                  <name>mergecontent-metadata-strategy</name>
                </value>
              </entry>
              <entry>
                <key>Minimum Number of Entries</key>
                <value>
                  <name>Minimum Number of Entries</name>
                </value>
              </entry>
              <entry>
                <key>Maximum Number of Entries</key>
                <value>
                  <name>Maximum Number of Entries</name>
                </value>
              </entry>
              <entry>
                <key>Minimum Group Size</key>
                <value>
                  <name>Minimum Group Size</name>
                </value>
              </entry>
              <entry>
                <key>Maximum Group Size</key>
                <value>
                  <name>Maximum Group Size</name>
                </value>
              </entry>
              <entry>
                <key>Max Bin Age</key>
                <value>
                  <name>Max Bin Age</name>
                </value>
              </entry>
              <entry>
                <key>Maximum number of Bins</key>
                <value>
                  <name>Maximum number of Bins</name>
                </value>
              </entry>
              <entry>
                <key>Delimiter Strategy</key>
                <value>
                  <name>Delimiter Strategy</name>
                </value>
              </entry>
              <entry>
                <key>Header File</key>
                <value>
                  <name>Header File</name>
                </value>
              </entry>
              <entry>
                <key>Footer File</key>
                <value>
                  <name>Footer File</name>
                </value>
              </entry>
              <entry>
                <key>Demarcator File</key>
                <value>
                  <name>Demarcator File</name>
                </value>
              </entry>
              <entry>
                <key>Compression Level</key>
                <value>
                  <name>Compression Level</name>
                </value>
              </entry>
              <entry>
                <key>Keep Path</key>
                <value>
                  <name>Keep Path</name>
                </value>
              </entry>
              <entry>
                <key>Tar Modified Time</key>
                <value>
                  <name>Tar Modified Time</name>
                </value>
              </entry>
            </descriptors>
            <executionNode>ALL</executionNode>
            <lossTolerant>false</lossTolerant>
            <penaltyDuration>30 sec</penaltyDuration>
            <properties>
              <entry>
                <key>Merge Strategy</key>
                <value>Bin-Packing Algorithm</value>
              </entry>
              <entry>
                <key>Merge Format</key>
                <value>Binary Concatenation</value>
              </entry>
              <entry>
                <key>Attribute Strategy</key>
                <value>Keep Only Common Attributes</value>
              </entry>
              <entry>
                <key>Correlation Attribute Name</key>
              </entry>
              <entry>
                <key>mergecontent-metadata-strategy</key>
                <value>Do Not Merge Uncommon Metadata</value>
              </entry>
              <entry>
                <key>Minimum Number of Entries</key>
                <value>1</value>
              </entry>
              <entry>
                <key>Maximum Number of Entries</key>
                <value>1000000</value>
              </entry>
              <entry>
                <key>Minimum Group Size</key>
                <value>0 B</value>
              </entry>
              <entry>
                <key>Maximum Group Size</key>
              </entry>
              <entry>
                <key>Max Bin Age</key>
              </entry>
              <entry>
                <key>Maximum number of Bins</key>
                <value>1000000</value>
              </entry>
              <entry>
                <key>Delimiter Strategy</key>
                <value>Text</value>
              </entry>
              <entry>
                <key>Header File</key>
              </entry>
              <entry>
                <key>Footer File</key>
              </entry>
              <entry>
                <key>Demarcator File</key>
                <value>
</value>
              </entry>
              <entry>
                <key>Compression Level</key>
                <value>1</value>
              </entry>
              <entry>
                <key>Keep Path</key>
                <value>false</value>
              </entry>
              <entry>
                <key>Tar Modified Time</key>
                <value>${file.lastModifiedTime}</value>
              </entry>
            </properties>
            <runDurationMillis>0</runDurationMillis>
            <schedulingPeriod>30 sec</schedulingPeriod>
            <schedulingStrategy>TIMER_DRIVEN</schedulingStrategy>
            <yieldDuration>1 sec</yieldDuration>
          </config>
          <name>MergeContent</name>
          <relationships>
            <autoTerminate>true</autoTerminate>
            <name>failure</name>
          </relationships>
          <relationships>
            <autoTerminate>false</autoTerminate>
            <name>merged</name>
          </relationships>
          <relationships>
            <autoTerminate>true</autoTerminate>
            <name>original</name>
          </relationships>
          <state>STOPPED</state>
          <style></style>
          <type>org.apache.nifi.processors.standard.MergeContent</type>
        </processors>
        <processors>
          <id>f9111485-eba5-399a-0000-000000000000</id>
          <parentGroupId>d21144cd-27cc-39af-0000-000000000000</parentGroupId>
          <position>
            <x>1036.7350808948745</x>
            <y>2619.7121687432987</y>
          </position>
          <bundle>
            <artifact>nifi-update-attribute-nar</artifact>
            <group>org.apache.nifi</group>
            <version>1.4.0</version>
          </bundle>
          <config>
            <bulletinLevel>WARN</bulletinLevel>
            <comments></comments>
            <concurrentlySchedulableTaskCount>1</concurrentlySchedulableTaskCount>
            <descriptors>
              <entry>
                <key>Delete Attributes Expression</key>
                <value>
                  <name>Delete Attributes Expression</name>
                </value>
              </entry>
              <entry>
                <key>Store State</key>
                <value>
                  <name>Store State</name>
                </value>
              </entry>
              <entry>
                <key>Stateful Variables Initial Value</key>
                <value>
                  <name>Stateful Variables Initial Value</name>
                </value>
              </entry>
              <entry>
                <key>filename</key>
                <value>
                  <name>filename</name>
                </value>
              </entry>
            </descriptors>
            <executionNode>ALL</executionNode>
            <lossTolerant>false</lossTolerant>
            <penaltyDuration>30 sec</penaltyDuration>
            <properties>
              <entry>
                <key>Delete Attributes Expression</key>
              </entry>
              <entry>
                <key>Store State</key>
                <value>Do not store state</value>
              </entry>
              <entry>
                <key>Stateful Variables Initial Value</key>
              </entry>
              <entry>
                <key>filename</key>
                <value>subway_passenger_hdfs.csv</value>
              </entry>
            </properties>
            <runDurationMillis>0</runDurationMillis>
            <schedulingPeriod>0 sec</schedulingPeriod>
            <schedulingStrategy>TIMER_DRIVEN</schedulingStrategy>
            <yieldDuration>1 sec</yieldDuration>
          </config>
          <name>UpdateAttribute</name>
          <relationships>
            <autoTerminate>false</autoTerminate>
            <name>success</name>
          </relationships>
          <state>STOPPED</state>
          <style></style>
          <type>org.apache.nifi.processors.attributes.UpdateAttribute</type>
        </processors>
        <processors>
          <id>fb90e71f-4ead-3fa2-0000-000000000000</id>
          <parentGroupId>d21144cd-27cc-39af-0000-000000000000</parentGroupId>
          <position>
            <x>1034.642302001931</x>
            <y>2870.3021539043975</y>
          </position>
          <bundle>
            <artifact>nifi-hadoop-nar</artifact>
            <group>org.apache.nifi</group>
            <version>1.4.0</version>
          </bundle>
          <config>
            <bulletinLevel>WARN</bulletinLevel>
            <comments></comments>
            <concurrentlySchedulableTaskCount>1</concurrentlySchedulableTaskCount>
            <descriptors>
              <entry>
                <key>Hadoop Configuration Resources</key>
                <value>
                  <name>Hadoop Configuration Resources</name>
                </value>
              </entry>
              <entry>
                <key>Kerberos Principal</key>
                <value>
                  <name>Kerberos Principal</name>
                </value>
              </entry>
              <entry>
                <key>Kerberos Keytab</key>
                <value>
                  <name>Kerberos Keytab</name>
                </value>
              </entry>
              <entry>
                <key>Kerberos Relogin Period</key>
                <value>
                  <name>Kerberos Relogin Period</name>
                </value>
              </entry>
              <entry>
                <key>Additional Classpath Resources</key>
                <value>
                  <name>Additional Classpath Resources</name>
                </value>
              </entry>
              <entry>
                <key>Directory</key>
                <value>
                  <name>Directory</name>
                </value>
              </entry>
              <entry>
                <key>Conflict Resolution Strategy</key>
                <value>
                  <name>Conflict Resolution Strategy</name>
                </value>
              </entry>
              <entry>
                <key>Block Size</key>
                <value>
                  <name>Block Size</name>
                </value>
              </entry>
              <entry>
                <key>IO Buffer Size</key>
                <value>
                  <name>IO Buffer Size</name>
                </value>
              </entry>
              <entry>
                <key>Replication</key>
                <value>
                  <name>Replication</name>
                </value>
              </entry>
              <entry>
                <key>Permissions umask</key>
                <value>
                  <name>Permissions umask</name>
                </value>
              </entry>
              <entry>
                <key>Remote Owner</key>
                <value>
                  <name>Remote Owner</name>
                </value>
              </entry>
              <entry>
                <key>Remote Group</key>
                <value>
                  <name>Remote Group</name>
                </value>
              </entry>
              <entry>
                <key>Compression codec</key>
                <value>
                  <name>Compression codec</name>
                </value>
              </entry>
            </descriptors>
            <executionNode>ALL</executionNode>
            <lossTolerant>false</lossTolerant>
            <penaltyDuration>30 sec</penaltyDuration>
            <properties>
              <entry>
                <key>Hadoop Configuration Resources</key>
                <value>/usr/sbp/4.1.0.0-1/hadoop/conf/core-site.xml,/usr/sbp/4.1.0.0-1/hadoop/conf/hdfs-site.xml</value>
              </entry>
              <entry>
                <key>Kerberos Principal</key>
              </entry>
              <entry>
                <key>Kerberos Keytab</key>
              </entry>
              <entry>
                <key>Kerberos Relogin Period</key>
                <value>4 hours</value>
              </entry>
              <entry>
                <key>Additional Classpath Resources</key>
                <value>/usr/sbp/4.1.0.0-1/hadoop,/usr/sbp/4.1.0.0-1/hadoop/lib,/usr/sbp/4.1.0.0-1/hadoop/client</value>
              </entry>
              <entry>
                <key>Directory</key>
                <value>/tmp/kafka/subway</value>
              </entry>
              <entry>
                <key>Conflict Resolution Strategy</key>
                <value>append</value>
              </entry>
              <entry>
                <key>Block Size</key>
              </entry>
              <entry>
                <key>IO Buffer Size</key>
              </entry>
              <entry>
                <key>Replication</key>
              </entry>
              <entry>
                <key>Permissions umask</key>
              </entry>
              <entry>
                <key>Remote Owner</key>
              </entry>
              <entry>
                <key>Remote Group</key>
              </entry>
              <entry>
                <key>Compression codec</key>
                <value>NONE</value>
              </entry>
            </properties>
            <runDurationMillis>0</runDurationMillis>
            <schedulingPeriod>0 sec</schedulingPeriod>
            <schedulingStrategy>TIMER_DRIVEN</schedulingStrategy>
            <yieldDuration>1 sec</yieldDuration>
          </config>
          <name>PutHDFS</name>
          <relationships>
            <autoTerminate>true</autoTerminate>
            <name>failure</name>
          </relationships>
          <relationships>
            <autoTerminate>true</autoTerminate>
            <name>success</name>
          </relationships>
          <state>STOPPED</state>
          <style></style>
          <type>org.apache.nifi.processors.hadoop.PutHDFS</type>
        </processors>
        <processors>
          <id>2c245ebb-0667-3dd3-0000-000000000000</id>
          <parentGroupId>d21144cd-27cc-39af-0000-000000000000</parentGroupId>
          <position>
            <x>390.0082849816401</x>
            <y>2376.4126219921945</y>
          </position>
          <bundle>
            <artifact>nifi-standard-nar</artifact>
            <group>org.apache.nifi</group>
            <version>1.4.0</version>
          </bundle>
          <config>
            <bulletinLevel>WARN</bulletinLevel>
            <comments></comments>
            <concurrentlySchedulableTaskCount>1</concurrentlySchedulableTaskCount>
            <descriptors>
              <entry>
                <key>Line Split Count</key>
                <value>
                  <name>Line Split Count</name>
                </value>
              </entry>
              <entry>
                <key>Maximum Fragment Size</key>
                <value>
                  <name>Maximum Fragment Size</name>
                </value>
              </entry>
              <entry>
                <key>Header Line Count</key>
                <value>
                  <name>Header Line Count</name>
                </value>
              </entry>
              <entry>
                <key>Header Line Marker Characters</key>
                <value>
                  <name>Header Line Marker Characters</name>
                </value>
              </entry>
              <entry>
                <key>Remove Trailing Newlines</key>
                <value>
                  <name>Remove Trailing Newlines</name>
                </value>
              </entry>
            </descriptors>
            <executionNode>ALL</executionNode>
            <lossTolerant>false</lossTolerant>
            <penaltyDuration>30 sec</penaltyDuration>
            <properties>
              <entry>
                <key>Line Split Count</key>
                <value>1</value>
              </entry>
              <entry>
                <key>Maximum Fragment Size</key>
              </entry>
              <entry>
                <key>Header Line Count</key>
                <value>0</value>
              </entry>
              <entry>
                <key>Header Line Marker Characters</key>
              </entry>
              <entry>
                <key>Remove Trailing Newlines</key>
                <value>true</value>
              </entry>
            </properties>
            <runDurationMillis>0</runDurationMillis>
            <schedulingPeriod>0 sec</schedulingPeriod>
            <schedulingStrategy>TIMER_DRIVEN</schedulingStrategy>
            <yieldDuration>1 sec</yieldDuration>
          </config>
          <name>SplitText</name>
          <relationships>
            <autoTerminate>true</autoTerminate>
            <name>failure</name>
          </relationships>
          <relationships>
            <autoTerminate>true</autoTerminate>
            <name>original</name>
          </relationships>
          <relationships>
            <autoTerminate>false</autoTerminate>
            <name>splits</name>
          </relationships>
          <state>STOPPED</state>
          <style></style>
          <type>org.apache.nifi.processors.standard.SplitText</type>
        </processors>
        <processors>
          <id>3ed31260-3350-3e97-0000-000000000000</id>
          <parentGroupId>d21144cd-27cc-39af-0000-000000000000</parentGroupId>
          <position>
            <x>1044.413094481212</x>
            <y>2141.419591905138</y>
          </position>
          <bundle>
            <artifact>nifi-kafka-0-10-nar</artifact>
            <group>org.apache.nifi</group>
            <version>1.4.0</version>
          </bundle>
          <config>
            <bulletinLevel>WARN</bulletinLevel>
            <comments></comments>
            <concurrentlySchedulableTaskCount>1</concurrentlySchedulableTaskCount>
            <descriptors>
              <entry>
                <key>bootstrap.servers</key>
                <value>
                  <name>bootstrap.servers</name>
                </value>
              </entry>
              <entry>
                <key>security.protocol</key>
                <value>
                  <name>security.protocol</name>
                </value>
              </entry>
              <entry>
                <key>sasl.kerberos.service.name</key>
                <value>
                  <name>sasl.kerberos.service.name</name>
                </value>
              </entry>
              <entry>
                <key>sasl.kerberos.principal</key>
                <value>
                  <name>sasl.kerberos.principal</name>
                </value>
              </entry>
              <entry>
                <key>sasl.kerberos.keytab</key>
                <value>
                  <name>sasl.kerberos.keytab</name>
                </value>
              </entry>
              <entry>
                <key>ssl.context.service</key>
                <value>
                  <identifiesControllerService>org.apache.nifi.ssl.SSLContextService</identifiesControllerService>
                  <name>ssl.context.service</name>
                </value>
              </entry>
              <entry>
                <key>topic</key>
                <value>
                  <name>topic</name>
                </value>
              </entry>
              <entry>
                <key>topic_type</key>
                <value>
                  <name>topic_type</name>
                </value>
              </entry>
              <entry>
                <key>group.id</key>
                <value>
                  <name>group.id</name>
                </value>
              </entry>
              <entry>
                <key>auto.offset.reset</key>
                <value>
                  <name>auto.offset.reset</name>
                </value>
              </entry>
              <entry>
                <key>key-attribute-encoding</key>
                <value>
                  <name>key-attribute-encoding</name>
                </value>
              </entry>
              <entry>
                <key>message-demarcator</key>
                <value>
                  <name>message-demarcator</name>
                </value>
              </entry>
              <entry>
                <key>max.poll.records</key>
                <value>
                  <name>max.poll.records</name>
                </value>
              </entry>
              <entry>
                <key>max-uncommit-offset-wait</key>
                <value>
                  <name>max-uncommit-offset-wait</name>
                </value>
              </entry>
            </descriptors>
            <executionNode>ALL</executionNode>
            <lossTolerant>false</lossTolerant>
            <penaltyDuration>30 sec</penaltyDuration>
            <properties>
              <entry>
                <key>bootstrap.servers</key>
                <value>118-sbpnode1sbspark:6667, 118-sbpnode2sbspark:6667,118-sbpnode3sbspark:6667</value>
              </entry>
              <entry>
                <key>security.protocol</key>
                <value>PLAINTEXT</value>
              </entry>
              <entry>
                <key>sasl.kerberos.service.name</key>
              </entry>
              <entry>
                <key>sasl.kerberos.principal</key>
              </entry>
              <entry>
                <key>sasl.kerberos.keytab</key>
              </entry>
              <entry>
                <key>ssl.context.service</key>
              </entry>
              <entry>
                <key>topic</key>
                <value>subway_topic</value>
              </entry>
              <entry>
                <key>topic_type</key>
                <value>names</value>
              </entry>
              <entry>
                <key>group.id</key>
                <value>kafka_group</value>
              </entry>
              <entry>
                <key>auto.offset.reset</key>
                <value>latest</value>
              </entry>
              <entry>
                <key>key-attribute-encoding</key>
                <value>utf-8</value>
              </entry>
              <entry>
                <key>message-demarcator</key>
                <value>
</value>
              </entry>
              <entry>
                <key>max.poll.records</key>
                <value>1000000</value>
              </entry>
              <entry>
                <key>max-uncommit-offset-wait</key>
                <value>1 secs</value>
              </entry>
            </properties>
            <runDurationMillis>0</runDurationMillis>
            <schedulingPeriod>0 sec</schedulingPeriod>
            <schedulingStrategy>TIMER_DRIVEN</schedulingStrategy>
            <yieldDuration>1 sec</yieldDuration>
          </config>
          <name>ConsumeKafka_0_10</name>
          <relationships>
            <autoTerminate>false</autoTerminate>
            <name>success</name>
          </relationships>
          <state>STOPPED</state>
          <style></style>
          <type>org.apache.nifi.processors.kafka.pubsub.ConsumeKafka_0_10</type>
        </processors>
        <processors>
          <id>5636adae-7149-323d-0000-000000000000</id>
          <parentGroupId>d21144cd-27cc-39af-0000-000000000000</parentGroupId>
          <position>
            <x>398.63574764227144</x>
            <y>3093.1495673034806</y>
          </position>
          <bundle>
            <artifact>nifi-standard-nar</artifact>
            <group>org.apache.nifi</group>
            <version>1.4.0</version>
          </bundle>
          <config>
            <bulletinLevel>WARN</bulletinLevel>
            <comments></comments>
            <concurrentlySchedulableTaskCount>1</concurrentlySchedulableTaskCount>
            <descriptors>
              <entry>
                <key>JDBC Connection Pool</key>
                <value>
                  <identifiesControllerService>org.apache.nifi.dbcp.DBCPService</identifiesControllerService>
                  <name>JDBC Connection Pool</name>
                </value>
              </entry>
              <entry>
                <key>Support Fragmented Transactions</key>
                <value>
                  <name>Support Fragmented Transactions</name>
                </value>
              </entry>
              <entry>
                <key>Transaction Timeout</key>
                <value>
                  <name>Transaction Timeout</name>
                </value>
              </entry>
              <entry>
                <key>Batch Size</key>
                <value>
                  <name>Batch Size</name>
                </value>
              </entry>
              <entry>
                <key>Obtain Generated Keys</key>
                <value>
                  <name>Obtain Generated Keys</name>
                </value>
              </entry>
              <entry>
                <key>rollback-on-failure</key>
                <value>
                  <name>rollback-on-failure</name>
                </value>
              </entry>
            </descriptors>
            <executionNode>ALL</executionNode>
            <lossTolerant>false</lossTolerant>
            <penaltyDuration>30 sec</penaltyDuration>
            <properties>
              <entry>
                <key>JDBC Connection Pool</key>
                <value>a61c4aa2-ef18-3570-0000-000000000000</value>
              </entry>
              <entry>
                <key>Support Fragmented Transactions</key>
                <value>false</value>
              </entry>
              <entry>
                <key>Transaction Timeout</key>
              </entry>
              <entry>
                <key>Batch Size</key>
                <value>100</value>
              </entry>
              <entry>
                <key>Obtain Generated Keys</key>
                <value>false</value>
              </entry>
              <entry>
                <key>rollback-on-failure</key>
                <value>false</value>
              </entry>
            </properties>
            <runDurationMillis>0</runDurationMillis>
            <schedulingPeriod>0 sec</schedulingPeriod>
            <schedulingStrategy>TIMER_DRIVEN</schedulingStrategy>
            <yieldDuration>1 sec</yieldDuration>
          </config>
          <name>PutSQL</name>
          <relationships>
            <autoTerminate>false</autoTerminate>
            <name>failure</name>
          </relationships>
          <relationships>
            <autoTerminate>true</autoTerminate>
            <name>retry</name>
          </relationships>
          <relationships>
            <autoTerminate>true</autoTerminate>
            <name>success</name>
          </relationships>
          <state>STOPPED</state>
          <style></style>
          <type>org.apache.nifi.processors.standard.PutSQL</type>
        </processors>
        <processors>
          <id>5e92b3fe-6207-37d5-0000-000000000000</id>
          <parentGroupId>d21144cd-27cc-39af-0000-000000000000</parentGroupId>
          <position>
            <x>395.36282412073524</x>
            <y>2620.8518563196703</y>
          </position>
          <bundle>
            <artifact>nifi-standard-nar</artifact>
            <group>org.apache.nifi</group>
            <version>1.4.0</version>
          </bundle>
          <config>
            <bulletinLevel>WARN</bulletinLevel>
            <comments></comments>
            <concurrentlySchedulableTaskCount>1</concurrentlySchedulableTaskCount>
            <descriptors>
              <entry>
                <key>Character Set</key>
                <value>
                  <name>Character Set</name>
                </value>
              </entry>
              <entry>
                <key>Maximum Buffer Size</key>
                <value>
                  <name>Maximum Buffer Size</name>
                </value>
              </entry>
              <entry>
                <key>Maximum Capture Group Length</key>
                <value>
                  <name>Maximum Capture Group Length</name>
                </value>
              </entry>
              <entry>
                <key>Enable Canonical Equivalence</key>
                <value>
                  <name>Enable Canonical Equivalence</name>
                </value>
              </entry>
              <entry>
                <key>Enable Case-insensitive Matching</key>
                <value>
                  <name>Enable Case-insensitive Matching</name>
                </value>
              </entry>
              <entry>
                <key>Permit Whitespace and Comments in Pattern</key>
                <value>
                  <name>Permit Whitespace and Comments in Pattern</name>
                </value>
              </entry>
              <entry>
                <key>Enable DOTALL Mode</key>
                <value>
                  <name>Enable DOTALL Mode</name>
                </value>
              </entry>
              <entry>
                <key>Enable Literal Parsing of the Pattern</key>
                <value>
                  <name>Enable Literal Parsing of the Pattern</name>
                </value>
              </entry>
              <entry>
                <key>Enable Multiline Mode</key>
                <value>
                  <name>Enable Multiline Mode</name>
                </value>
              </entry>
              <entry>
                <key>Enable Unicode-aware Case Folding</key>
                <value>
                  <name>Enable Unicode-aware Case Folding</name>
                </value>
              </entry>
              <entry>
                <key>Enable Unicode Predefined Character Classes</key>
                <value>
                  <name>Enable Unicode Predefined Character Classes</name>
                </value>
              </entry>
              <entry>
                <key>Enable Unix Lines Mode</key>
                <value>
                  <name>Enable Unix Lines Mode</name>
                </value>
              </entry>
              <entry>
                <key>Include Capture Group 0</key>
                <value>
                  <name>Include Capture Group 0</name>
                </value>
              </entry>
              <entry>
                <key>extract-text-enable-repeating-capture-group</key>
                <value>
                  <name>extract-text-enable-repeating-capture-group</name>
                </value>
              </entry>
              <entry>
                <key>ROWKEY</key>
                <value>
                  <name>ROWKEY</name>
                </value>
              </entry>
              <entry>
                <key>STATION_NO</key>
                <value>
                  <name>STATION_NO</name>
                </value>
              </entry>
              <entry>
                <key>TIME_0001</key>
                <value>
                  <name>TIME_0001</name>
                </value>
              </entry>
              <entry>
                <key>TIME_0102</key>
                <value>
                  <name>TIME_0102</name>
                </value>
              </entry>
              <entry>
                <key>TIME_0203</key>
                <value>
                  <name>TIME_0203</name>
                </value>
              </entry>
              <entry>
                <key>TIME_0304</key>
                <value>
                  <name>TIME_0304</name>
                </value>
              </entry>
              <entry>
                <key>TIME_0405</key>
                <value>
                  <name>TIME_0405</name>
                </value>
              </entry>
              <entry>
                <key>TIME_0506</key>
                <value>
                  <name>TIME_0506</name>
                </value>
              </entry>
              <entry>
                <key>TIME_0607</key>
                <value>
                  <name>TIME_0607</name>
                </value>
              </entry>
              <entry>
                <key>TIME_0708</key>
                <value>
                  <name>TIME_0708</name>
                </value>
              </entry>
              <entry>
                <key>TIME_0809</key>
                <value>
                  <name>TIME_0809</name>
                </value>
              </entry>
              <entry>
                <key>TIME_0910</key>
                <value>
                  <name>TIME_0910</name>
                </value>
              </entry>
              <entry>
                <key>TIME_1011</key>
                <value>
                  <name>TIME_1011</name>
                </value>
              </entry>
              <entry>
                <key>TIME_1112</key>
                <value>
                  <name>TIME_1112</name>
                </value>
              </entry>
              <entry>
                <key>TIME_1213</key>
                <value>
                  <name>TIME_1213</name>
                </value>
              </entry>
              <entry>
                <key>TIME_1314</key>
                <value>
                  <name>TIME_1314</name>
                </value>
              </entry>
              <entry>
                <key>TIME_1415</key>
                <value>
                  <name>TIME_1415</name>
                </value>
              </entry>
              <entry>
                <key>TIME_1516</key>
                <value>
                  <name>TIME_1516</name>
                </value>
              </entry>
              <entry>
                <key>TIME_1617</key>
                <value>
                  <name>TIME_1617</name>
                </value>
              </entry>
              <entry>
                <key>TIME_1718</key>
                <value>
                  <name>TIME_1718</name>
                </value>
              </entry>
              <entry>
                <key>TIME_1819</key>
                <value>
                  <name>TIME_1819</name>
                </value>
              </entry>
              <entry>
                <key>TIME_1920</key>
                <value>
                  <name>TIME_1920</name>
                </value>
              </entry>
              <entry>
                <key>TIME_2021</key>
                <value>
                  <name>TIME_2021</name>
                </value>
              </entry>
              <entry>
                <key>TIME_2122</key>
                <value>
                  <name>TIME_2122</name>
                </value>
              </entry>
              <entry>
                <key>TIME_2223</key>
                <value>
                  <name>TIME_2223</name>
                </value>
              </entry>
              <entry>
                <key>TIME_2324</key>
                <value>
                  <name>TIME_2324</name>
                </value>
              </entry>
              <entry>
                <key>TYPE</key>
                <value>
                  <name>TYPE</name>
                </value>
              </entry>
              <entry>
                <key>YYYYMMDD</key>
                <value>
                  <name>YYYYMMDD</name>
                </value>
              </entry>
            </descriptors>
            <executionNode>ALL</executionNode>
            <lossTolerant>false</lossTolerant>
            <penaltyDuration>30 sec</penaltyDuration>
            <properties>
              <entry>
                <key>Character Set</key>
                <value>UTF-8</value>
              </entry>
              <entry>
                <key>Maximum Buffer Size</key>
                <value>10 MB</value>
              </entry>
              <entry>
                <key>Maximum Capture Group Length</key>
                <value>1024</value>
              </entry>
              <entry>
                <key>Enable Canonical Equivalence</key>
                <value>false</value>
              </entry>
              <entry>
                <key>Enable Case-insensitive Matching</key>
                <value>false</value>
              </entry>
              <entry>
                <key>Permit Whitespace and Comments in Pattern</key>
                <value>false</value>
              </entry>
              <entry>
                <key>Enable DOTALL Mode</key>
                <value>false</value>
              </entry>
              <entry>
                <key>Enable Literal Parsing of the Pattern</key>
                <value>false</value>
              </entry>
              <entry>
                <key>Enable Multiline Mode</key>
                <value>false</value>
              </entry>
              <entry>
                <key>Enable Unicode-aware Case Folding</key>
                <value>false</value>
              </entry>
              <entry>
                <key>Enable Unicode Predefined Character Classes</key>
                <value>false</value>
              </entry>
              <entry>
                <key>Enable Unix Lines Mode</key>
                <value>false</value>
              </entry>
              <entry>
                <key>Include Capture Group 0</key>
                <value>true</value>
              </entry>
              <entry>
                <key>extract-text-enable-repeating-capture-group</key>
                <value>false</value>
              </entry>
              <entry>
                <key>ROWKEY</key>
                <value>([^,]+)</value>
              </entry>
              <entry>
                <key>STATION_NO</key>
                <value>[^,]+\,([^,]+)</value>
              </entry>
              <entry>
                <key>TIME_0001</key>
                <value>[^,]+\,[^,]+\,[^,]+\,[^,]+\,([^,]+)</value>
              </entry>
              <entry>
                <key>TIME_0102</key>
                <value>[^,]+\,[^,]+\,[^,]+\,[^,]+\,[^,]+\,([^,]+)</value>
              </entry>
              <entry>
                <key>TIME_0203</key>
                <value>[^,]+\,[^,]+\,[^,]+\,[^,]+\,[^,]+\,[^,]+\,([^,]+)</value>
              </entry>
              <entry>
                <key>TIME_0304</key>
                <value>[^,]+\,[^,]+\,[^,]+\,[^,]+\,[^,]+\,[^,]+\,[^,]+\,([^,]+)</value>
              </entry>
              <entry>
                <key>TIME_0405</key>
                <value>[^,]+\,[^,]+\,[^,]+\,[^,]+\,[^,]+\,[^,]+\,[^,]+\,[^,]+\,([^,]+)</value>
              </entry>
              <entry>
                <key>TIME_0506</key>
                <value>[^,]+\,[^,]+\,[^,]+\,[^,]+\,[^,]+\,[^,]+\,[^,]+\,[^,]+\,[^,]+\,([^,]+)</value>
              </entry>
              <entry>
                <key>TIME_0607</key>
                <value>[^,]+\,[^,]+\,[^,]+\,[^,]+\,[^,]+\,[^,]+\,[^,]+\,[^,]+\,[^,]+\,[^,]+\,([^,]+)</value>
              </entry>
              <entry>
                <key>TIME_0708</key>
                <value>[^,]+\,[^,]+\,[^,]+\,[^,]+\,[^,]+\,[^,]+\,[^,]+\,[^,]+\,[^,]+\,[^,]+\,[^,]+\,([^,]+)</value>
              </entry>
              <entry>
                <key>TIME_0809</key>
                <value>[^,]+\,[^,]+\,[^,]+\,[^,]+\,[^,]+\,[^,]+\,[^,]+\,[^,]+\,[^,]+\,[^,]+\,[^,]+\,[^,]+\,([^,]+)</value>
              </entry>
              <entry>
                <key>TIME_0910</key>
                <value>[^,]+\,[^,]+\,[^,]+\,[^,]+\,[^,]+\,[^,]+\,[^,]+\,[^,]+\,[^,]+\,[^,]+\,[^,]+\,[^,]+\,[^,]+\,([^,]+)</value>
              </entry>
              <entry>
                <key>TIME_1011</key>
                <value>[^,]+\,[^,]+\,[^,]+\,[^,]+\,[^,]+\,[^,]+\,[^,]+\,[^,]+\,[^,]+\,[^,]+\,[^,]+\,[^,]+\,[^,]+\,[^,]+\,([^,]+)</value>
              </entry>
              <entry>
                <key>TIME_1112</key>
                <value>[^,]+\,[^,]+\,[^,]+\,[^,]+\,[^,]+\,[^,]+\,[^,]+\,[^,]+\,[^,]+\,[^,]+\,[^,]+\,[^,]+\,[^,]+\,[^,]+\,[^,]+\,([^,]+)</value>
              </entry>
              <entry>
                <key>TIME_1213</key>
                <value>[^,]+\,[^,]+\,[^,]+\,[^,]+\,[^,]+\,[^,]+\,[^,]+\,[^,]+\,[^,]+\,[^,]+\,[^,]+\,[^,]+\,[^,]+\,[^,]+\,[^,]+\,[^,]+\,([^,]+)</value>
              </entry>
              <entry>
                <key>TIME_1314</key>
                <value>[^,]+\,[^,]+\,[^,]+\,[^,]+\,[^,]+\,[^,]+\,[^,]+\,[^,]+\,[^,]+\,[^,]+\,[^,]+\,[^,]+\,[^,]+\,[^,]+\,[^,]+\,[^,]+\,[^,]+\,([^,]+)</value>
              </entry>
              <entry>
                <key>TIME_1415</key>
                <value>[^,]+\,[^,]+\,[^,]+\,[^,]+\,[^,]+\,[^,]+\,[^,]+\,[^,]+\,[^,]+\,[^,]+\,[^,]+\,[^,]+\,[^,]+\,[^,]+\,[^,]+\,[^,]+\,[^,]+\,[^,]+\,([^,]+)</value>
              </entry>
              <entry>
                <key>TIME_1516</key>
                <value>[^,]+\,[^,]+\,[^,]+\,[^,]+\,[^,]+\,[^,]+\,[^,]+\,[^,]+\,[^,]+\,[^,]+\,[^,]+\,[^,]+\,[^,]+\,[^,]+\,[^,]+\,[^,]+\,[^,]+\,[^,]+\,[^,]+\,([^,]+)</value>
              </entry>
              <entry>
                <key>TIME_1617</key>
                <value>[^,]+\,[^,]+\,[^,]+\,[^,]+\,[^,]+\,[^,]+\,[^,]+\,[^,]+\,[^,]+\,[^,]+\,[^,]+\,[^,]+\,[^,]+\,[^,]+\,[^,]+\,[^,]+\,[^,]+\,[^,]+\,[^,]+\,[^,]+\,([^,]+)</value>
              </entry>
              <entry>
                <key>TIME_1718</key>
                <value>[^,]+\,[^,]+\,[^,]+\,[^,]+\,[^,]+\,[^,]+\,[^,]+\,[^,]+\,[^,]+\,[^,]+\,[^,]+\,[^,]+\,[^,]+\,[^,]+\,[^,]+\,[^,]+\,[^,]+\,[^,]+\,[^,]+\,[^,]+\,[^,]+\,([^,]+)</value>
              </entry>
              <entry>
                <key>TIME_1819</key>
                <value>[^,]+\,[^,]+\,[^,]+\,[^,]+\,[^,]+\,[^,]+\,[^,]+\,[^,]+\,[^,]+\,[^,]+\,[^,]+\,[^,]+\,[^,]+\,[^,]+\,[^,]+\,[^,]+\,[^,]+\,[^,]+\,[^,]+\,[^,]+\,[^,]+\,([^,]+)</value>
              </entry>
              <entry>
                <key>TIME_1920</key>
                <value>[^,]+\,[^,]+\,[^,]+\,[^,]+\,[^,]+\,[^,]+\,[^,]+\,[^,]+\,[^,]+\,[^,]+\,[^,]+\,[^,]+\,[^,]+\,[^,]+\,[^,]+\,[^,]+\,[^,]+\,[^,]+\,[^,]+\,[^,]+\,[^,]+\,[^,]+\,[^,]+\,([^,]+)</value>
              </entry>
              <entry>
                <key>TIME_2021</key>
                <value>[^,]+\,[^,]+\,[^,]+\,[^,]+\,[^,]+\,[^,]+\,[^,]+\,[^,]+\,[^,]+\,[^,]+\,[^,]+\,[^,]+\,[^,]+\,[^,]+\,[^,]+\,[^,]+\,[^,]+\,[^,]+\,[^,]+\,[^,]+\,[^,]+\,[^,]+\,[^,]+\,[^,]+\,([^,]+)</value>
              </entry>
              <entry>
                <key>TIME_2122</key>
                <value>[^,]+\,[^,]+\,[^,]+\,[^,]+\,[^,]+\,[^,]+\,[^,]+\,[^,]+\,[^,]+\,[^,]+\,[^,]+\,[^,]+\,[^,]+\,[^,]+\,[^,]+\,[^,]+\,[^,]+\,[^,]+\,[^,]+\,[^,]+\,[^,]+\,[^,]+\,[^,]+\,[^,]+\,[^,]+\,([^,]+)</value>
              </entry>
              <entry>
                <key>TIME_2223</key>
                <value>[^,]+\,[^,]+\,[^,]+\,[^,]+\,[^,]+\,[^,]+\,[^,]+\,[^,]+\,[^,]+\,[^,]+\,[^,]+\,[^,]+\,[^,]+\,[^,]+\,[^,]+\,[^,]+\,[^,]+\,[^,]+\,[^,]+\,[^,]+\,[^,]+\,[^,]+\,[^,]+\,[^,]+\,[^,]+\,[^,]+\,([^,]+)</value>
              </entry>
              <entry>
                <key>TIME_2324</key>
                <value>[^,]+\,[^,]+\,[^,]+\,[^,]+\,[^,]+\,[^,]+\,[^,]+\,[^,]+\,[^,]+\,[^,]+\,[^,]+\,[^,]+\,[^,]+\,[^,]+\,[^,]+\,[^,]+\,[^,]+\,[^,]+\,[^,]+\,[^,]+\,[^,]+\,[^,]+\,[^,]+\,[^,]+\,[^,]+\,[^,]+\,[^,]+\,([^,]+)</value>
              </entry>
              <entry>
                <key>TYPE</key>
                <value>[^,]+\,[^,]+\,[^,]+\,([^,]+)</value>
              </entry>
              <entry>
                <key>YYYYMMDD</key>
                <value>[^,]+\,[^,]+\,([^,]+)</value>
              </entry>
            </properties>
            <runDurationMillis>0</runDurationMillis>
            <schedulingPeriod>0 sec</schedulingPeriod>
            <schedulingStrategy>TIMER_DRIVEN</schedulingStrategy>
            <yieldDuration>1 sec</yieldDuration>
          </config>
          <name>ExtractText</name>
          <relationships>
            <autoTerminate>false</autoTerminate>
            <name>matched</name>
          </relationships>
          <relationships>
            <autoTerminate>true</autoTerminate>
            <name>unmatched</name>
          </relationships>
          <state>STOPPED</state>
          <style></style>
          <type>org.apache.nifi.processors.standard.ExtractText</type>
        </processors>
        <processors>
          <id>5eced41c-3d56-3b13-0000-000000000000</id>
          <parentGroupId>d21144cd-27cc-39af-0000-000000000000</parentGroupId>
          <position>
            <x>397.5765435407088</x>
            <y>2864.5392157409806</y>
          </position>
          <bundle>
            <artifact>nifi-standard-nar</artifact>
            <group>org.apache.nifi</group>
            <version>1.4.0</version>
          </bundle>
          <config>
            <bulletinLevel>WARN</bulletinLevel>
            <comments></comments>
            <concurrentlySchedulableTaskCount>1</concurrentlySchedulableTaskCount>
            <descriptors>
              <entry>
                <key>Regular Expression</key>
                <value>
                  <name>Regular Expression</name>
                </value>
              </entry>
              <entry>
                <key>Replacement Value</key>
                <value>
                  <name>Replacement Value</name>
                </value>
              </entry>
              <entry>
                <key>Character Set</key>
                <value>
                  <name>Character Set</name>
                </value>
              </entry>
              <entry>
                <key>Maximum Buffer Size</key>
                <value>
                  <name>Maximum Buffer Size</name>
                </value>
              </entry>
              <entry>
                <key>Replacement Strategy</key>
                <value>
                  <name>Replacement Strategy</name>
                </value>
              </entry>
              <entry>
                <key>Evaluation Mode</key>
                <value>
                  <name>Evaluation Mode</name>
                </value>
              </entry>
            </descriptors>
            <executionNode>ALL</executionNode>
            <lossTolerant>false</lossTolerant>
            <penaltyDuration>30 sec</penaltyDuration>
            <properties>
              <entry>
                <key>Regular Expression</key>
                <value>(?s)(^.*$)</value>
              </entry>
              <entry>
                <key>Replacement Value</key>
                <value>upsert into subway_passenger_phoenix
(
rowkey, station_no, yyyymmdd, type,
time_0001, time_0102, time_0203, time_0304, time_0405, time_0506, time_0607, time_0708, time_0809, time_0910, time_1011, time_1112, time_1213, time_1314, time_1415, time_1516, time_1617, time_1718, time_1819, time_1920, time_2021, time_2122, time_2223, time_2324
)
values
(
'${'ROWKEY'}', '${'STATION_NO'}', '${'YYYYMMDD'}', '${'TYPE'}',
${'TIME_0001'}, ${'TIME_0102'}, ${'TIME_0203'}, ${'TIME_0304'}, ${'TIME_0405'}, ${'TIME_0506'},
${'TIME_0607'}, ${'TIME_0708'}, ${'TIME_0809'}, ${'TIME_0910'}, ${'TIME_1011'}, ${'TIME_1112'}, ${'TIME_1213'}, ${'TIME_1314'}, ${'TIME_1415'}, ${'TIME_1516'}, ${'TIME_1617'}, ${'TIME_1718'}, ${'TIME_1819'}, ${'TIME_1920'}, ${'TIME_2021'}, ${'TIME_2122'}, ${'TIME_2223'}, ${'TIME_2324'}
)</value>
              </entry>
              <entry>
                <key>Character Set</key>
                <value>UTF-8</value>
              </entry>
              <entry>
                <key>Maximum Buffer Size</key>
                <value>10 MB</value>
              </entry>
              <entry>
                <key>Replacement Strategy</key>
                <value>Regex Replace</value>
              </entry>
              <entry>
                <key>Evaluation Mode</key>
                <value>Entire text</value>
              </entry>
            </properties>
            <runDurationMillis>2000</runDurationMillis>
            <schedulingPeriod>0 sec</schedulingPeriod>
            <schedulingStrategy>TIMER_DRIVEN</schedulingStrategy>
            <yieldDuration>1 sec</yieldDuration>
          </config>
          <name>ReplaceText</name>
          <relationships>
            <autoTerminate>true</autoTerminate>
            <name>failure</name>
          </relationships>
          <relationships>
            <autoTerminate>false</autoTerminate>
            <name>success</name>
          </relationships>
          <state>STOPPED</state>
          <style></style>
          <type>org.apache.nifi.processors.standard.ReplaceText</type>
        </processors>
      </contents>
      <name>빅데이터_아키텍쳐_실습(SUBWAY)</name>
    </processGroups>
  </snippet>
  <timestamp>04/03/2018 18:04:02 KST</timestamp>
</template>