iata,airline,icao,callsign,founded,des
1I,NetJets,EJA,EXECJET,1964,Founded as Executive Jets Aviation.
2D,Dynamic International Airways,DYA,DYNAMIC AIR,2010,
2F,Frontier Flying Service,FTA,FRONTIER-AIR,1950,Operates as Ravn Connect.
2Q,Air Cargo Carriers,SNC,NIGHT CARGO,1986,Commenced operations in 1980.
3E,Air Choice One,WBR,WEBER,1979,Founded as Multi-Aero Corporation.
3M,Silver Airways,SIL,SILVER WINGS,2011,
4B,Boutique Air,BTQ,BOUTIQUE,2007,
4W,Warbelow's Air Ventures,WAV,WARBELOW,1958,
5A,Alpine Air Express,AIP,ALPINE AIR,1971,
5V,Everts Air,VTS,EVERTS,1978,Founded as Tatonduk Flying Service.
5X,UPS Airlines,UPS,UPS,1988,
5Y,Atlas Air,GTI,GIANT,1992,Commenced operations in 1993.
7H,Ravn Alaska,RVF,RAVEN FLIGHT,1948,Founded as Economy Helicopters.
7Q,Elite Airways,MNU,MAINER,2006,Commenced operations in 2014.
7S,Ryan Air Services,RYA,RYAN AIR,1953,Founded as Unalakleet Air Taxi.
7Z,Ameristar Jet Charter,AJI,AMERISTAR,2000,
8C,Air Transport International,ATN,AIR TRANSPORT,1978,Founded as US Airways and commenced operations in 1980 .
8D,Servant Air,,,2003,
8E,Bering Air,BRG,BERING AIR,1979,
8V,Wright Air Service,WRF,WRIGHT FLYER,1966,
9E,Endeavor Air,EDV,ENDEAVOR,1985,Founded as Express Airlines I. Operates as?Delta Connection.
9K,Cape Air,KAP,CAIR,1988,Operates as?United Express?in Micronesia.
9S,Southern Air,SOO,SOUTHERN AIR,1999,
9X,Southern Airways Express,FDY,FRIENDLY,2013,
A8,Ameriflight,AMF,AMFLIGHT,1968,Founded as California Air Charter.
AA,American Airlines,AAL,AMERICAN,1926,"Founded as American Airways and commenced operations in 1936 as American Air Lines; largest airline in the world based on airline company revenue, scheduled passenger miles flown (per year), and fleet size."
AS,Alaska Airlines,ASA,ALASKA,1932,"Founded as McGee Airways and commenced operations in 1944 as Alaska Airlines. In April 2017, Alaska merged with Virgin America."
AX,Trans States Airlines,LOF,WATERSKI,1982,Founded as Resort Air. Operates as?United Express?and?American Eagle.
B6,JetBlue Airways,JBU,JETBLUE,1998,Founded as New Air and commenced operations in 2000 as JetBlue Airways.
C2,Mountain Air Cargo,MTN,MOUNTAIN,1974,
C5,CommutAir,UCA,COMMUTAIR,1989,Operates as?United Express.
CB,Kalitta Charters,KFS,KALITTA,,
CH,Bemidji Airlines,BMJ,BEMIDJI,1946,Commenced operations in 1947.
CP,Compass Airlines,CPZ,COMPASS ROSE,2006,Commenced operations in 2007. Operates as?Delta Connectionand?American Eagle.
DL,Delta Air Lines,DAL,DELTA,1924,Founded as Huff Daland Dusters and commenced operations in 1929 as Delta Air Service; largest airline in the world based on number of passengers served per year.
EA,Eastern Air Lines,EAL,EASTERN,2011,Commenced operations in 2015.
EJ,New England Airlines,NEA,NEW ENGLAND,1970,
EM,Empire Airlines,CFS,EMPIRE,1977,
EO,Express One International,LHN,LONGHORN,1983,Founded as Jet East International.
EV,ExpressJet,ASQ,ACEY,1986,"Commenced operations in 1987. Operates as?United Express,?Delta Connection?and?American Eagle."
F9,Frontier Airlines,FFT,FRONTIER FLIGHT,1994,
FX,FedEx Express,FDX,FEDEX,1971,Founded as Federal Express and commenced operations in 1973.
G4,Allegiant Air,AAY,ALLEGIANT,1997,Founded as WestJet Express and commenced operations in 1998 as Allegiant Air.
G7,GoJet Airlines,GJS,LINDBERGH,2004,Commenced operations in 2005. Operates as?United Express?and?Delta Connection.
GB,ABX Air,ABX,ABEX,1980,Founded as Airborne Express.
GG,Sky Lease Cargo,KYE,SKY CUBE,1969,Founded as Wrangler Aviation and commenced operations in 1973.
GV,Grant Aviation,GUN,HOOT,1971,Founded as Delta Air Services.
H6,Hageland Aviation Services,HAG,HAGELAND,1981,Operates as Ravn Connect.
HA,Hawaiian Airlines,HAL,HAWAIIAN,1929,Founded as Inter-Island Airways in early 1929 and commenced operations in late 1929 as Hawaiian Airlines
IF,IFL Group,IFL,EIFFEL,1983,Founded as Air Contract Cargo.
II,IBC Airways,CSQ,CHASQUI,1991,
JS,PSA Airlines,JIA,BLUE STREAK,1979,Founded as Vee Neal Airlines. Operates as?American Eagle.
K3,Taquan Air,TQN,TAQUAN,1977,
K4,Kalitta Air,CKS,CONNIE,1967,Founded as American International Airways.
K8,World Atlantic Airlines,WAL,WORLD ATLANTIC,2002,Founded as Caribbean Sun Airlines and commenced operations in 2003.
KG,Key Lime Air,LYM,KEY LIME,1997,Operates as Denver Air Connection.
KH,Aloha Air Cargo,AAH,ALOHA,1946,Founded as Trans-Pacific Airlines and separated from now-defunct?Aloha Airlinesin 2008.
KI,Skyway Enterprises,SKZ,SKYWAY-INC,1981,Commenced operations in 1983.
KO,Alaska Central Express,AER,ACE AIR,1996,
KS,PenAir,PEN,PENINSULA,1955,Founded as Peninsula Airways. Operates as?Alaska Airlines.
L2,Lynden Air Cargo,LYC,LYNDEN,1995,
LF,Contour Aviation,VTE,VOLUNTEER,1982,
LL,Miami Air International,BSK,BISCAYNE,1990,Commenced operations in 1991.
M5,Kenmore Air,KEN,KENMORE,1946,Founded as Mines Collins Munro.
M6,Amerijet International,AJT,AMERIJET,1974,
MQ,Envoy Air,ENY,ENVOY,1984,Founded as American Eagle Airlines. Operates as?American Eagle.
MW,Mokulele Airlines,MO,MAHALO,1994,Founded as Mokulele Flight Service.
N8,National Airlines,NCR,NATIONAL CARGO,1985,Commenced opeartions in 1986.
NC,Northern Air Cargo,NAC,YUKON,1956,
NK,Spirit Airlines,NKS,SPIRIT WINGS,1980,Founded as Charter One.
OO,SkyWest Airlines,SKW,SKYWEST,1972,"Operates as?Delta Connection,?United Express,?American Eagleand?Alaska Airlines."
P9,Asia Pacific Airlines,MGE,MAGELLAN,1998,
PO,Polar Air Cargo,PAC,POLAR,1993,
PT,Piedmont Airlines,PDT,PIEDMONT,1961,Founded as Henson Aviation and commenced operations in 1962. Operates as?American Eagle.
QX,Horizon Air,QXE,HORIZON,1981,Operates as?Alaska Airlines.
RF,Florida West International Airways,FWL,FLO WEST,1981,
SI,Sierra Pacific Airlines,SPA,SIERRA PACIFIC,1970,Commenced operations in 1971.
SK,Songbird Airways,SGB,SONGBIRD,1990,
SO,Superior Aviation,HKA,SPEND AIR,1979,
SY,Sun Country Airlines,SCX,SUN COUNTRY,1982,Commenced operations in 1983.
TJ,Tradewind Aviation,GPD,GOODSPEED,2001,
UA,United Airlines,UAL,UNITED,1926,Founded as Varney Air Lines and commenced operations in 1931 as United Air Lines.
UE,Ultimate Air Shuttle,UJC,ULTIMATE,2009,
UJ,USA Jet Airlines,JUS,JET USA,1994,
VC,ViaAir,SRY,STINGRAY,1997,
VX,Virgin America,VRD,REDWOOD,2004,"Commenced operations in 2007. In December, the U.S Court approved the merger of Virgin America and Alaska Airlines; the social media campaign was successful in its branding. If plans continue as predicted, the merger will be complete in 2018."
WE,Centurion Air Cargo,CWC,CHALLENGE CARGO,1985,
WG,Wiggins Airways,WIG,WIGGINS AIRWAYS,1929,
WN,Southwest Airlines,SWA,SOUTHWEST,1967,Founded as Air Southwest and commenced operations in 1971 as Southwest Airlines.
WP,Island Air,MKU,MOKU,1980,Founded as Princeville Airways.
WQ,Swift Air,SWQ,SWIFTFLIGHT,1997,
X9,Omni Air International,OAE,OMNI-EXPRESS,1993,
XE,JetSuiteX,JSX,BIGSTRIPE,2016,
XP,Xtra Airways,CXP,CASINO EXPRESS,1987,Founded as Casino Express Airlines and commenced operations in 1989.
Y3,Gryphon Airlines,VOS,,,
YI,Air Sunshine,RSI,AIR SUNSHINE,1982,
YR,Grand Canyon Airlines,CVU,CANYON VIEW,1927,Founded as Scenic Airways.
YV,Mesa Airlines,ASH,AIR SHUTTLE,1980,Founded as Mesa Air Shuttle. All but one aircraft operated as?American Eagle?and?United Express.
YX,Republic Airline,RPA,BRICKYARD,1998,"Commenced operations in 2005. Operates as?American Eagle,?United Express?and?Delta Connection."
ZK,Great Lakes Airlines,GLA,LAKES AIR,1977,
ZW,Air Wisconsin,AWI,WISCONSIN,1965,Operates as?American Eagle?&?United Express
