station_no,line,station_nm,
150,1호선,서울역,
151,1호선,시청,
152,1호선,종각,
153,1호선,종로3가,
154,1호선,종로5가,
155,1호선,동대문,
156,1호선,신설동,
157,1호선,제기동,
158,1호선,청량리(지하),
159,1호선,동묘앞,
201,2호선,시청,
202,2호선,을지로입구,
203,2호선,을지로3가,
204,2호선,을지로4가,
205,2호선,동대문역사문화공원,
206,2호선,신당,
207,2호선,상왕십리,
208,2호선,왕십리,
209,2호선,한양대,
210,2호선,뚝섬,
211,2호선,성수,
212,2호선,건대입구,
213,2호선,구의,
214,2호선,강변,
215,2호선,잠실나루,
216,2호선,잠실,
217,2호선,신천,
218,2호선,종합운동장,
219,2호선,삼성,
220,2호선,선릉,
221,2호선,역삼,
222,2호선,강남,
223,2호선,교대,
224,2호선,서초,
225,2호선,방배,
226,2호선,사당,
227,2호선,낙성대,
228,2호선,서울대입구,
229,2호선,봉천,
230,2호선,신림,
231,2호선,신대방,
232,2호선,구로디지털단지,
233,2호선,대림,
234,2호선,신도림,
235,2호선,문래,
236,2호선,영등포구청,
237,2호선,당산,
238,2호선,합정,
239,2호선,홍대입구,
240,2호선,신촌,
241,2호선,이대,
242,2호선,아현,
243,2호선,충정로,
244,2호선,용답,
245,2호선,신답,
246,2호선,신설동,
247,2호선,도림천,
248,2호선,양천구청,
249,2호선,신정네거리,
250,2호선,용두,
309,3호선,지축,
310,3호선,구파발,
311,3호선,연신내,
312,3호선,불광,
313,3호선,녹번,
314,3호선,홍제,
315,3호선,무악재,
316,3호선,독립문,
317,3호선,경복궁,
318,3호선,안국,
319,3호선,종로3가,
320,3호선,을지로3가,
321,3호선,충무로,
322,3호선,동대입구,
323,3호선,약수,
324,3호선,금호,
325,3호선,옥수,
326,3호선,압구정,
327,3호선,신사,
328,3호선,잠원,
329,3호선,고속터미널,
330,3호선,교대,
331,3호선,남부터미널,
332,3호선,양재,
333,3호선,매봉,
334,3호선,도곡,
335,3호선,대치,
336,3호선,학여울,
337,3호선,대청,
338,3호선,일원,
339,3호선,수서,
340,3호선,가락시장,
341,3호선,경찰병원,
342,3호선,오금,
409,4호선,당고개,
410,4호선,상계,
411,4호선,노원,
412,4호선,창동,
413,4호선,쌍문,
414,4호선,수유(강북구청),
415,4호선,미아,
416,4호선,미아사거리,
417,4호선,길음,
418,4호선,성신여대입구,
419,4호선,한성대입구,
420,4호선,혜화,
421,4호선,동대문,
422,4호선,동대문역사문화공원,
423,4호선,충무로,
424,4호선,명동,
425,4호선,회현,
426,4호선,서울역,
427,4호선,숙대입구,
428,4호선,삼각지,
429,4호선,신용산,
430,4호선,이촌,
431,4호선,동작,
432,4호선,총신대입구,
433,4호선,사당,
434,4호선,남태령,
